transaction_id,date,customer_id,amount,status
TXN1395,04-Oct-2025,CUST0127,10298.36,paid
TXN1073,04-Apr-2025,CUST0039,8720.28,paid
TXN1167,15/07/2025,CUST0099,40437.88,paid
TXN1077,09-May-2025,CUST0026,15662.7,paid
TXN1009,17/02/2025,CUST0006,40091.83,paid
TXN1847,23/03/2026,CUST0194,10310.6,paid
TXN1176,14/07/2025,CUST0023,41967.46,paid
TXN1321,2025-09-22,CUST0099,24406.86,paid
TXN1505,01-Dec-2025,CUST0052,27250.99,paid
TXN1302,2025-09-20,CUST0046,25933.06,paid
TXN1556,2025-12-23,CUST0137,42977.05,paid
TXN1802,23-Mar-2026,CUST0038,41645.18,paid
TXN1506,03-Dec-2025,CUST0126,16281.31,failed
TXN1564,19/01/2026,CUST0140,44388.24,paid
TXN1607,21/01/2026,CUST0178,45550.64,paid
TXN1323,2025-09-10,CUST0043,14460.94,paid
TXN1658,2026-02-26,CUST0161,25634.05,paid
TXN1020,18/02/2025,CUST0028,15218.11,paid
TXN1070,2025-04-09,CUST0048,14640.0,paid
TXN1254,2025-08-02,CUST0074,9408.9,paid
TXN1758,09/03/2026,CUST0169,13587.43,paid
TXN1199,09/07/2025,CUST0094,9918.79,paid
TXN1529,03-Dec-2025,CUST0074,43882.22,paid
TXN1190,26-Jul-2025,CUST0019,22797.78,paid
TXN1782,08-Mar-2026,CUST0157,10351.41,paid
TXN1515,04/12/2025,CUST0022,8766.91,paid
TXN1309,02-Sep-2025,CUST0081,-41055.46,refunded
TXN1341,11-Oct-2025,CUST0112,15856.98,paid
TXN1587,2026-01-20,CUST0162,26134.86,paid
TXN1082,2025-05-26,CUST0070,40866.13,paid
TXN1376,2025-10-19,CUST0031,26370.97,paid
TXN1182,11/07/2025,CUST0008,13587.91,paid
TXN1444,15-Nov-2025,CUST0035,13564.06,paid
TXN1856,2026-03-11,CUST0101,46048.34,paid
TXN1612,19/01/2026,CUST0039,26386.19,paid
TXN1823,2026-03-09,CUST0055,27333.6,paid
TXN1811,2026-03-08,CUST0100,38549.18,paid
TXN1745,25/02/2026,CUST0052,23333.14,paid
TXN1652,2026-01-14,CUST0147,16175.47,paid
TXN1248,2025-08-06,CUST0096,25772.17,paid
TXN1374,2025-10-20,CUST0106,27458.99,paid
TXN1629,2026-01-04,CUST0012,-14464.77,refunded
TXN1105,15/05/2025,CUST0018,-10194.49,refunded
TXN1481,2025-12-26,CUST0052,43034.73,paid
TXN1817,17/03/2026,CUST0077,9102.34,paid
TXN1409,2025-11-04,CUST0148,-26836.84,refunded
TXN1397,19-Oct-2025,CUST0072,24954.03,failed
TXN1209,03/07/2025,CUST0061,44887.66,paid
TXN1274,2025-09-04,CUST0036,10167.37,paid
TXN1244,10-Aug-2025,CUST0005,27034.56,paid
TXN1064,05-Apr-2025,CUST0016,45602.55,paid
TXN1233,20-Aug-2025,CUST0071,39291.7,paid
TXN1853,2026-03-08,CUST0036,15759.62,paid
TXN1260,11/08/2025,CUST0116,45258.98,failed
TXN1262,24-Aug-2025,CUST0022,14133.57,paid
TXN1820,24-Mar-2026,CUST0005,24277.29,paid
TXN1715,2026-02-07,CUST0186,23358.87,paid
TXN1110,2025-05-02,CUST0032,42389.37,failed
TXN1498,2025-12-14,CUST0082,15468.7,paid
TXN1488,04/12/2025,CUST0060,9105.74,paid
TXN1194,08/07/2025,CUST0017,14635.15,paid
TXN1491,2025-12-10,CUST0089,24949.66,paid
TXN1280,27/09/2025,CUST0113,14949.24,paid
TXN1671,07-Feb-2026,CUST0166,8591.87,paid
TXN1225,12/08/2025,CUST0036,9191.95,paid
TXN1338,07-Oct-2025,CUST0061,45792.94,paid
TXN1575,2026-01-13,CUST0122,41455.6,paid
TXN1066,2025-04-24,CUST0022,22768.48,paid
TXN1293,16/09/2025,CUST0028,15965.52,paid
TXN1255,16/08/2025,CUST0052,8795.87,paid
TXN1206,10-Jul-2025,CUST0071,23687.74,paid
TXN1569,25/01/2026,CUST0100,15482.64,paid
TXN1748,04-Feb-2026,CUST0122,23866.82,paid
TXN1178,08/07/2025,CUST0008,24994.46,paid
TXN1109,19/05/2025,CUST0070,9058.99,paid
TXN1346,18/10/2025,CUST0039,25217.35,failed
TXN1599,2026-01-21,CUST0066,24174.84,paid
TXN1124,06/06/2025,CUST0026,41634.75,failed
TXN1137,2025-06-20,CUST0031,15743.53,paid
TXN1151,2025-06-08,CUST0006,8633.67,paid
TXN1249,14/08/2025,CUST0109,24358.41,paid
TXN1106,13-May-2025,CUST0057,41236.73,paid
TXN1563,18/01/2026,CUST0054,16421.68,paid
TXN1080,20/05/2025,CUST0041,14937.03,paid
TXN1257,11-Aug-2025,CUST0032,13553.75,paid
TXN1322,24/09/2025,CUST0115,22623.53,paid
TXN1439,08/11/2025,CUST0150,40525.91,paid
TXN1545,01/12/2025,CUST0124,45401.63,paid
TXN1724,2026-02-06,CUST0153,9241.05,paid
TXN1690,05-Feb-2026,CUST0086,8822.91,paid
TXN1483,2025-12-27,CUST0079,22568.67,paid
TXN1075,08/04/2025,CUST0020,15555.95,paid
TXN1078,05-May-2025,CUST0049,22533.84,paid
TXN1457,2025-11-24,CUST0133,10135.47,paid
TXN1285,06/09/2025,CUST0072,9977.72,paid
TXN1081,23/05/2025,CUST0049,45929.21,paid
TXN1212,2025-08-19,CUST0011,8837.15,paid
TXN1855,01-Mar-2026,CUST0018,39022.91,paid
TXN1040,07/03/2025,CUST0006,25733.53,paid
TXN1118,2025-06-15,CUST0052,9753.89,paid
TXN1203,18/07/2025,CUST0091,9192.11,failed
TXN1268,10-Aug-2025,CUST0026,10041.04,paid
TXN1472,2025-11-04,CUST0098,15743.04,paid
TXN1104,2025-05-21,CUST0024,15164.74,paid
TXN1336,08-Oct-2025,CUST0014,23471.63,paid
TXN1631,2026-01-18,CUST0035,14815.98,paid
TXN1016,2025-02-04,CUST0016,24337.72,paid
TXN1600,13-Jan-2026,CUST0173,44294.47,paid
TXN1407,23/11/2025,CUST0025,13680.11,paid
TXN1526,11/12/2025,CUST0141,26987.65,paid
TXN1694,01-Feb-2026,CUST0163,8842.65,paid
TXN1259,27-Aug-2025,CUST0067,9116.58,paid
TXN1213,26-Aug-2025,CUST0008,45953.93,paid
TXN1678,2026-02-12,CUST0137,14618.74,paid
TXN1494,2025-12-08,CUST0023,14525.36,paid
TXN1214,27/08/2025,CUST0074,45911.27,paid
TXN1021,04-Feb-2025,CUST0015,15650.75,paid
TXN1508,2025-12-13,CUST0063,9539.23,paid
TXN1615,24-Jan-2026,CUST0124,9576.24,paid
TXN1543,16/12/2025,CUST0056,14614.75,paid
TXN1568,22-Jan-2026,CUST0163,8722.01,paid
TXN1030,2025-03-09,CUST0003,16312.23,paid
TXN1819,03/03/2026,CUST0025,9525.49,paid
TXN1451,2025-11-11,CUST0034,8732.89,paid
TXN1179,13-Jul-2025,CUST0032,14757.7,paid
TXN1601,07/01/2026,CUST0141,,failed
TXN1489,17-Dec-2025,CUST0137,10267.36,paid
TXN1278,2025-09-23,CUST0107,10414.98,paid
TXN1097,2025-05-24,CUST0028,14848.73,paid
TXN1240,17/08/2025,CUST0039,25307.29,paid
TXN1134,2025-06-07,CUST0076,10253.53,paid
TXN1636,16/01/2026,CUST0108,,paid
TXN1663,2026-02-07,CUST0167,16443.75,paid
TXN1136,18-Jun-2025,CUST0039,26394.85,paid
TXN1765,06/03/2026,CUST0151,16409.77,paid
TXN1186,11-Jul-2025,CUST0046,27069.9,paid
TXN1729,2026-02-02,CUST0098,9496.46,paid
TXN1783,2026-03-03,CUST0013,39465.44,paid
TXN1610,2026-01-07,CUST0139,39298.91,paid
TXN1299,20-Sep-2025,CUST0064,25020.55,paid
TXN1834,13-Mar-2026,CUST0210,42112.19,paid
TXN1718,2026-02-25,CUST0127,23118.08,paid
TXN1044,04-Mar-2025,CUST0014,45481.31,paid
TXN1072,04-Apr-2025,CUST0036,13761.89,paid
TXN1624,2026-01-22,CUST0010,15723.15,paid
TXN1392,06-Oct-2025,CUST0069,40436.53,paid
TXN1408,11/11/2025,CUST0089,,paid
TXN1833,14-Mar-2026,CUST0075,43991.46,paid
TXN1637,2026-01-08,CUST0159,13852.52,paid
TXN1273,04/09/2025,CUST0081,16122.42,paid
TXN1701,2026-02-21,CUST0140,15794.07,paid
TXN1558,2025-12-10,CUST0158,41752.59,paid
TXN1036,14-Mar-2025,CUST0043,38193.83,paid
TXN1548,2025-12-10,CUST0086,9855.4,paid
TXN1759,2026-03-21,CUST0015,10381.2,paid
TXN1007,06-Jan-2025,CUST0004,26883.72,paid
TXN1350,2025-10-16,CUST0017,22702.1,paid
TXN1402,14/11/2025,CUST0103,14757.28,paid
TXN1334,19/10/2025,CUST0054,42312.08,paid
TXN1092,2025-05-24,CUST0067,14544.99,paid
TXN1661,17/02/2026,CUST0120,26939.89,paid
TXN1304,22-Sep-2025,CUST0074,43463.65,paid
TXN1102,11/05/2025,CUST0019,9003.29,paid
TXN1687,12/02/2026,CUST0079,40931.78,paid
TXN1096,2025-05-15,CUST0056,15893.27,paid
TXN1181,16/07/2025,CUST0035,27063.39,paid
TXN1246,16-Aug-2025,CUST0113,25036.57,paid
TXN1522,27-Dec-2025,CUST0090,13646.76,paid
TXN1626,05/01/2026,CUST0025,8877.27,paid
TXN1634,26-Jan-2026,CUST0070,43615.81,paid
TXN1191,17-Jul-2025,CUST0051,27302.79,paid
TXN1058,2025-04-13,CUST0020,42546.02,failed
TXN1057,17/04/2025,CUST0006,26576.07,paid
TXN1329,21-Sep-2025,CUST0019,9986.33,paid
TXN1822,23-Mar-2026,CUST0116,24069.73,paid
TXN1781,03/03/2026,CUST0214,40887.84,paid
TXN1477,2025-11-23,CUST0125,15786.1,paid
TXN1702,11/02/2026,CUST0025,23857.29,paid
TXN1368,2025-10-25,CUST0136,42185.17,paid
TXN1277,09/09/2025,CUST0043,43595.18,paid
TXN1430,2025-11-20,CUST0137,,paid
TXN1188,2025-07-16,CUST0003,8721.49,paid
TXN1809,24-Mar-2026,CUST0073,14134.1,paid
TXN1076,05/04/2025,CUST0031,8867.69,paid
TXN1858,17-Mar-2026,CUST0142,24596.53,paid
TXN1537,26-Dec-2025,CUST0118,9776.74,paid
TXN1144,2025-06-13,CUST0008,9139.32,paid
TXN1148,2025-06-01,CUST0034,26535.54,paid
TXN1318,08/09/2025,CUST0056,15490.0,paid
TXN1437,10-Nov-2025,CUST0141,23293.06,paid
TXN1153,23-Jun-2025,CUST0041,39685.93,paid
TXN1271,27-Sep-2025,CUST0020,39052.81,paid
TXN1230,2025-08-17,CUST0108,8880.1,paid
TXN1177,2025-07-06,CUST0079,23899.27,paid
TXN1298,2025-09-25,CUST0027,15575.45,paid
TXN1300,11/09/2025,CUST0077,24764.23,paid
TXN1295,07-Sep-2025,CUST0032,23038.83,paid
TXN1844,2026-03-17,CUST0159,10082.95,paid
TXN1679,01/02/2026,CUST0082,45620.98,paid
TXN1455,27/11/2025,CUST0143,9439.31,paid
TXN1733,14/02/2026,CUST0114,9278.9,paid
TXN1443,05-Nov-2025,CUST0089,39754.47,failed
TXN1050,16/04/2025,CUST0011,41670.96,paid
TXN1841,2026-03-23,CUST0041,9817.41,paid
TXN1108,10/05/2025,CUST0071,15842.22,paid
TXN1594,15/01/2026,CUST0014,14132.57,paid
TXN1401,09/10/2025,CUST0088,15145.69,paid
TXN1773,2026-03-26,CUST0211,44430.27,paid
TXN1665,17/02/2026,CUST0116,40128.02,paid
TXN1313,24-Sep-2025,CUST0068,9266.68,paid
TXN1222,12-Aug-2025,CUST0078,40018.75,paid
TXN1482,05-Dec-2025,CUST0038,8763.51,paid
TXN1635,2026-01-14,CUST0153,16314.27,paid
TXN1276,03/09/2025,CUST0103,26574.82,paid
TXN1370,2025-10-09,CUST0073,44233.21,paid
TXN1655,2026-02-18,CUST0034,9867.0,paid
TXN1747,2026-02-19,CUST0184,44558.67,paid
TXN1074,2025-04-13,CUST0047,9104.51,paid
TXN1662,2026-02-12,CUST0144,23376.34,paid
TXN1622,18/01/2026,CUST0015,45919.22,paid
TXN1294,2025-09-07,CUST0118,13862.24,paid
TXN1738,19-Feb-2026,CUST0150,,paid
TXN1223,06-Aug-2025,CUST0089,24514.87,paid
TXN1297,24-Sep-2025,CUST0124,9601.13,paid
TXN1530,11/12/2025,CUST0034,25126.96,failed
TXN1138,04-Jun-2025,CUST0002,14998.75,paid
TXN1710,2026-02-02,CUST0017,9441.26,paid
TXN1234,06/08/2025,CUST0004,26244.81,paid
TXN1478,07/12/2025,CUST0083,14226.95,paid
TXN1584,21-Jan-2026,CUST0080,9849.74,paid
TXN1377,15/10/2025,CUST0014,13800.84,paid
TXN1722,01-Feb-2026,CUST0169,43445.6,paid
TXN1131,2025-06-05,CUST0083,44297.07,paid
TXN1111,2025-05-02,CUST0057,40007.65,paid
TXN1149,2025-06-19,CUST0064,9492.68,paid
TXN1740,22-Feb-2026,CUST0022,14242.84,paid
TXN1387,11-Oct-2025,CUST0065,-10075.59,refunded
TXN1446,06-Nov-2025,CUST0142,24118.4,paid
TXN1840,2026-03-21,CUST0160,26479.86,paid
TXN1204,2025-07-21,CUST0013,15321.95,paid
TXN1035,10-Mar-2025,CUST0012,22804.79,paid
TXN1351,08/10/2025,CUST0100,9820.31,paid
TXN1047,2025-04-07,CUST0048,24064.61,paid
TXN1406,11-Nov-2025,CUST0013,40320.29,paid
TXN1158,2025-06-25,CUST0020,,paid
TXN1340,10/10/2025,CUST0110,15196.66,paid
TXN1821,22/03/2026,CUST0012,39308.24,paid
TXN1646,20/01/2026,CUST0185,39295.71,paid
TXN1805,2026-03-14,CUST0085,,paid
TXN1428,17/11/2025,CUST0106,23923.38,paid
TXN1719,23/02/2026,CUST0127,25285.66,paid
TXN1815,26/03/2026,CUST0024,25569.34,paid
TXN1315,11-Sep-2025,CUST0078,10019.96,paid
TXN1685,15/02/2026,CUST0082,10404.1,paid
TXN1485,09-Dec-2025,CUST0005,43033.55,failed
TXN1352,2025-10-15,CUST0134,8625.82,paid
TXN1034,19-Mar-2025,CUST0034,23684.52,paid
TXN1006,2025-01-06,CUST0013,45210.86,paid
TXN1559,12/12/2025,CUST0084,39340.17,paid
TXN1848,2026-03-04,CUST0043,10114.86,paid
TXN1365,05-Oct-2025,CUST0108,8581.47,paid
TXN1808,20-Mar-2026,CUST0116,9175.91,paid
TXN1269,2025-08-27,CUST0006,14573.77,paid
TXN1013,08/02/2025,CUST0011,9045.49,paid
TXN1580,2026-01-13,CUST0148,23628.7,paid
TXN1051,18-Apr-2025,CUST0062,39346.0,paid
TXN1843,2026-03-01,CUST0045,26904.53,paid
TXN1237,05/08/2025,CUST0078,15303.43,paid
TXN1196,11/07/2025,CUST0019,15418.94,paid
TXN1355,27-Oct-2025,CUST0002,24934.31,paid
TXN1786,23/03/2026,CUST0074,14071.63,paid
TXN1405,01-Nov-2025,CUST0133,14764.56,paid
TXN1614,19/01/2026,CUST0123,9529.23,paid
TXN1720,10/02/2026,CUST0058,42843.27,paid
TXN1205,07-Jul-2025,CUST0070,43656.45,paid
TXN1195,01-Jul-2025,CUST0005,44946.36,paid
TXN1752,07-Feb-2026,CUST0197,40050.66,paid
TXN1379,09-Oct-2025,CUST0099,14612.51,paid
TXN1283,24-Sep-2025,CUST0099,14945.79,paid
TXN1052,2025-04-02,CUST0027,10345.86,paid
TXN1287,2025-09-15,CUST0128,10177.52,paid
TXN1469,2025-11-07,CUST0125,9924.8,paid
TXN1154,2025-06-03,CUST0023,23097.0,paid
TXN1686,2026-02-17,CUST0184,10276.05,paid
TXN1226,23/08/2025,CUST0096,10397.74,paid
TXN1762,24-Mar-2026,CUST0065,9541.72,paid
TXN1673,17/02/2026,CUST0044,41647.26,paid
TXN1372,04/10/2025,CUST0105,9262.56,paid
TXN1707,2026-02-11,CUST0057,15629.68,paid
TXN1623,24-Jan-2026,CUST0171,9320.46,paid
TXN1017,24/02/2025,CUST0025,24579.23,paid
TXN1031,14-Mar-2025,CUST0003,9007.27,paid
TXN1043,2025-03-07,CUST0013,24015.94,paid
TXN1445,02-Nov-2025,CUST0126,43735.66,paid
TXN1228,07/08/2025,CUST0106,44023.94,paid
TXN1839,05/03/2026,CUST0214,26114.98,paid
TXN1224,13/08/2025,CUST0118,25952.57,paid
TXN1835,08/03/2026,CUST0142,9553.79,paid
TXN1704,2026-02-06,CUST0144,8963.96,paid
TXN1266,21-Aug-2025,CUST0067,9122.12,paid
TXN1170,12/07/2025,CUST0105,42113.06,paid
TXN1576,18/01/2026,CUST0040,44883.95,paid
TXN1480,12/12/2025,CUST0158,10012.39,paid
TXN1122,27-Jun-2025,CUST0063,24188.78,paid
TXN1561,12-Dec-2025,CUST0028,15023.85,paid
TXN1055,01-Apr-2025,CUST0053,25178.69,paid
TXN1632,21/01/2026,CUST0021,,paid
TXN1845,18/03/2026,CUST0197,14959.1,failed
TXN1571,22-Jan-2026,CUST0089,27092.51,paid
TXN1303,23-Sep-2025,CUST0123,26051.76,paid
TXN1829,05-Mar-2026,CUST0049,14807.37,paid
TXN1398,25/10/2025,CUST0009,13662.44,paid
TXN1562,03/01/2026,CUST0062,25163.73,paid
TXN1014,2025-02-24,CUST0002,9046.95,paid
TXN1777,21/03/2026,CUST0052,44444.56,paid
TXN1032,22/03/2025,CUST0015,9014.99,paid
TXN1159,01-Jul-2025,CUST0002,15124.64,paid
TXN1476,16/11/2025,CUST0129,9591.49,paid
TXN1084,10/05/2025,CUST0064,10106.03,paid
TXN1851,15/03/2026,CUST0088,44261.44,paid
TXN1791,07/03/2026,CUST0019,43751.01,paid
TXN1038,18-Mar-2025,CUST0010,39824.13,paid
TXN1216,2025-08-17,CUST0022,13860.85,paid
TXN1115,09/06/2025,CUST0008,8807.62,paid
TXN1012,2025-02-11,CUST0016,9311.58,paid
TXN1588,06-Jan-2026,CUST0160,,paid
TXN1640,2026-01-22,CUST0112,8652.65,paid
TXN1524,06-Dec-2025,CUST0147,25555.45,paid
TXN1566,2026-01-15,CUST0079,25275.44,paid
TXN1200,06-Jul-2025,CUST0049,41941.89,paid
TXN1474,05/11/2025,CUST0153,9829.91,failed
TXN1161,2025-07-08,CUST0092,41933.04,paid
TXN1229,26/08/2025,CUST0018,13696.85,paid
TXN1573,18/01/2026,CUST0029,8551.6,paid
TXN1215,16-Aug-2025,CUST0005,22894.78,paid
TXN1737,16/02/2026,CUST0083,42982.29,paid
TXN1730,2026-02-11,CUST0170,14408.26,paid
TXN1114,12-Jun-2025,CUST0038,25484.29,paid
TXN1022,2025-02-15,CUST0018,15039.74,paid
TXN1567,03/01/2026,CUST0084,9852.47,paid
TXN1521,03-Dec-2025,CUST0161,9014.96,paid
TXN1761,2026-03-03,CUST0061,45722.56,paid
TXN1645,03/01/2026,CUST0038,42714.77,paid
TXN1799,16-Mar-2026,CUST0205,15167.02,paid
TXN1507,15-Dec-2025,CUST0098,14782.67,paid
TXN1366,20-Oct-2025,CUST0010,8887.1,paid
TXN1695,21-Feb-2026,CUST0166,24585.78,paid
TXN1676,06/02/2026,CUST0148,13983.76,paid
TXN1513,14-Dec-2025,CUST0052,24754.43,paid
TXN1026,21/03/2025,CUST0025,40945.47,paid
TXN1726,25/02/2026,CUST0092,26281.51,paid
TXN1647,12-Jan-2026,CUST0146,23511.05,paid
TXN1608,25/01/2026,CUST0016,23786.68,paid
TXN1824,24-Mar-2026,CUST0005,,paid
TXN1470,23-Nov-2025,CUST0148,9680.94,paid
TXN1232,2025-08-15,CUST0031,43137.44,paid
TXN1760,03/03/2026,CUST0094,25508.0,paid
TXN1770,10-Mar-2026,CUST0061,27015.79,paid
TXN1828,2026-03-27,CUST0054,9872.46,paid
TXN1549,02/12/2025,CUST0006,9539.1,paid
TXN1272,04/09/2025,CUST0068,25721.68,paid
TXN1364,2025-10-24,CUST0059,27111.76,paid
TXN1473,17/11/2025,CUST0129,9156.7,paid
TXN1011,22/02/2025,CUST0027,14026.48,paid
TXN1643,19/01/2026,CUST0059,24595.33,paid
TXN1830,2026-03-25,CUST0043,39044.59,paid
TXN1140,2025-06-06,CUST0076,45817.41,paid
TXN1267,20-Aug-2025,CUST0093,14756.48,paid
TXN1116,2025-06-21,CUST0092,15604.28,paid
TXN1518,2025-12-10,CUST0052,,paid
TXN1716,07/02/2026,CUST0173,40878.29,paid
TXN1373,05-Oct-2025,CUST0109,43273.24,paid
TXN1375,18/10/2025,CUST0065,39301.24,paid
TXN1065,13-Apr-2025,CUST0047,24419.23,paid
TXN1767,08/03/2026,CUST0122,26897.17,paid
TXN1708,2026-02-23,CUST0034,15564.14,paid
TXN1089,2025-05-11,CUST0066,38689.93,paid
TXN1842,2026-03-04,CUST0054,45721.66,paid
TXN1837,2026-03-23,CUST0121,37974.78,paid
TXN1668,2026-02-06,CUST0071,27291.28,paid
TXN1441,05/11/2025,CUST0024,26353.99,paid
TXN1289,26-Sep-2025,CUST0117,26950.55,paid
TXN1699,23/02/2026,CUST0108,14572.16,paid
TXN1337,18-Oct-2025,CUST0018,43215.27,paid
TXN1099,07/05/2025,CUST0068,38757.22,paid
TXN1282,22-Sep-2025,CUST0025,25095.5,paid
TXN1630,11/01/2026,CUST0044,8779.42,paid
TXN1400,2025-10-01,CUST0084,9830.8,paid
TXN1797,27/03/2026,CUST0068,26239.12,paid
TXN1771,13/03/2026,CUST0078,10278.6,paid
TXN1142,23-Jun-2025,CUST0069,41358.03,paid
TXN1056,2025-04-14,CUST0016,13821.05,paid
TXN1509,13-Dec-2025,CUST0013,9609.63,paid
TXN1326,2025-09-03,CUST0023,13571.26,paid
TXN1753,2026-03-24,CUST0062,9542.31,paid
TXN1003,2025-01-04,CUST0014,13515.54,paid
TXN1479,19/12/2025,CUST0090,8763.81,paid
TXN1689,10/02/2026,CUST0187,-15917.02,refunded
TXN1361,2025-10-17,CUST0073,42834.6,paid
TXN1654,2026-01-13,CUST0116,44601.62,paid
TXN1644,2026-01-11,CUST0097,13794.19,paid
TXN1438,2025-11-09,CUST0056,43163.57,paid
TXN1018,22-Feb-2025,CUST0028,15785.58,paid
TXN1577,2026-01-22,CUST0037,13902.83,paid
TXN1542,2025-12-25,CUST0070,26026.33,paid
TXN1119,09-Jun-2025,CUST0001,24773.48,paid
TXN1420,12-Nov-2025,CUST0070,26821.21,paid
TXN1367,18-Oct-2025,CUST0001,8727.06,paid
TXN1155,17/06/2025,CUST0037,10362.75,paid
TXN1320,12-Sep-2025,CUST0063,39818.92,paid
TXN1582,02/01/2026,CUST0177,43721.01,paid
TXN1621,19-Jan-2026,CUST0165,14967.7,paid
TXN1436,24/11/2025,CUST0100,9540.16,failed
TXN1434,13/11/2025,CUST0098,9582.06,paid
TXN1363,2025-10-14,CUST0131,15883.85,paid
TXN1735,2026-02-14,CUST0146,14437.38,paid
TXN1502,2025-12-19,CUST0092,15289.08,paid
TXN1388,13/10/2025,CUST0118,44267.72,paid
TXN1010,21/02/2025,CUST0026,26092.99,paid
TXN1692,15/02/2026,CUST0142,14097.77,paid
TXN1803,2026-03-03,CUST0192,16104.52,paid
TXN1669,05-Feb-2026,CUST0006,39064.18,paid
TXN1442,11-Nov-2025,CUST0138,8663.57,paid
TXN1098,25-May-2025,CUST0024,9646.96,paid
TXN1189,2025-07-01,CUST0044,27089.48,paid
TXN1236,14-Aug-2025,CUST0002,-10192.8,refunded
TXN1440,26-Nov-2025,CUST0122,13526.79,paid
TXN1787,2026-03-13,CUST0211,14793.93,paid
TXN1653,14-Jan-2026,CUST0009,8626.11,paid
TXN1415,2025-11-15,CUST0061,39205.47,paid
TXN1393,24-Oct-2025,CUST0062,14997.0,paid
TXN1429,03/11/2025,CUST0116,13909.87,paid
TXN1648,2026-01-05,CUST0088,10168.14,paid
TXN1198,2025-07-22,CUST0089,24733.15,paid
TXN1183,2025-07-16,CUST0013,26334.21,failed
TXN1511,10/12/2025,CUST0166,9860.91,paid
TXN1423,2025-11-12,CUST0134,39982.38,paid
TXN1192,11-Jul-2025,CUST0056,-24113.02,refunded
TXN1539,10-Dec-2025,CUST0085,25275.89,paid
TXN1180,26/07/2025,CUST0062,10429.87,paid
TXN1746,26/02/2026,CUST0068,10146.72,paid
TXN1785,23-Mar-2026,CUST0127,44296.22,paid
TXN1227,27-Aug-2025,CUST0012,23847.1,paid
TXN1343,25-Oct-2025,CUST0021,24934.86,paid
TXN1547,05-Dec-2025,CUST0134,15673.71,paid
TXN1723,2026-02-04,CUST0190,14684.43,paid
TXN1015,15-Feb-2025,CUST0025,23298.58,paid
TXN1611,2026-01-07,CUST0009,10283.96,paid
TXN1039,2025-03-02,CUST0025,45929.4,paid
TXN1578,2026-01-16,CUST0165,45989.79,paid
TXN1332,05/09/2025,CUST0037,44492.87,paid
TXN1448,25-Nov-2025,CUST0094,43962.73,paid
TXN1403,2025-11-06,CUST0070,16437.82,paid
TXN1696,04-Feb-2026,CUST0191,-24965.25,refunded
TXN1618,2026-01-25,CUST0099,25738.96,paid
TXN1201,2025-07-16,CUST0038,,paid
TXN1390,08-Oct-2025,CUST0003,24562.13,paid
TXN1250,2025-08-02,CUST0112,9447.22,paid
TXN1360,2025-10-17,CUST0067,10242.52,paid
TXN1356,05-Oct-2025,CUST0072,39191.09,paid
TXN1458,24-Nov-2025,CUST0064,15094.98,paid
TXN1604,20-Jan-2026,CUST0031,16351.47,paid
TXN1211,06/08/2025,CUST0029,38174.78,paid
TXN1088,08-May-2025,CUST0052,23331.69,paid
TXN1344,27-Oct-2025,CUST0020,16173.89,paid
TXN1004,16/01/2025,CUST0011,43264.53,paid
TXN1461,11/11/2025,CUST0081,15101.7,paid
TXN1675,15-Feb-2026,CUST0074,15355.89,paid
TXN1243,26-Aug-2025,CUST0004,43348.45,paid
TXN1597,14/01/2026,CUST0174,9098.71,paid
TXN1527,16/12/2025,CUST0135,13866.07,paid
TXN1330,17-Sep-2025,CUST0023,9100.69,paid
TXN1068,15/04/2025,CUST0028,39716.36,paid
TXN1354,2025-10-21,CUST0133,9531.66,paid
TXN1467,2025-11-19,CUST0036,13782.86,paid
TXN1352,2025-10-15,CUST0134,8625.82,paid
TXN1168,2025-07-10,CUST0104,40026.07,paid
TXN1772,2026-03-27,CUST0113,14392.27,paid
TXN1235,06-Aug-2025,CUST0027,16071.33,paid
TXN1499,2025-12-18,CUST0008,8899.86,paid
TXN1174,27-Jul-2025,CUST0057,8591.42,paid
TXN1164,2025-07-19,CUST0038,-9376.47,refunded
TXN1339,20/10/2025,CUST0085,10260.23,paid
TXN1674,2026-02-08,CUST0038,40923.98,paid
TXN1139,11/06/2025,CUST0047,14660.51,paid
TXN1231,2025-08-02,CUST0036,38224.7,paid
TXN1796,2026-03-17,CUST0033,38991.08,paid
TXN1385,2025-10-18,CUST0050,24237.38,paid
TXN1744,26/02/2026,CUST0128,38640.48,paid
TXN1778,11-Mar-2026,CUST0197,8760.57,paid
TXN1175,2025-07-03,CUST0022,23112.64,paid
TXN1709,14/02/2026,CUST0011,8697.7,paid
TXN1349,05-Oct-2025,CUST0038,39137.47,paid
TXN1321,2025-09-22,CUST0099,24406.86,paid
TXN1162,02-Jul-2025,CUST0048,16191.86,paid
TXN1410,21/11/2025,CUST0131,16438.12,paid
TXN1490,2025-12-07,CUST0064,42509.78,paid
TXN1258,12-Aug-2025,CUST0040,23144.65,paid
TXN1680,24/02/2026,CUST0194,25736.22,paid
TXN1760,03/03/2026,CUST0094,25508.0,paid
TXN1221,04/08/2025,CUST0112,9619.1,paid
TXN1449,08-Nov-2025,CUST0100,26105.02,paid
TXN1766,18-Mar-2026,CUST0109,25998.09,paid
TXN1649,10-Jan-2026,CUST0044,15868.64,paid
TXN1371,18-Oct-2025,CUST0002,39965.56,paid
TXN1536,01-Dec-2025,CUST0123,14082.05,paid
TXN1425,16/11/2025,CUST0153,22545.66,paid
TXN1627,06/01/2026,CUST0153,10103.82,paid
TXN1672,19/02/2026,CUST0152,25778.8,paid
TXN1838,08-Mar-2026,CUST0184,15262.98,paid
TXN1670,22-Feb-2026,CUST0166,,paid
TXN1307,02/09/2025,CUST0116,23520.0,paid
TXN1071,12/04/2025,CUST0024,8723.89,paid
TXN1165,11/07/2025,CUST0058,43686.1,paid
TXN1605,20-Jan-2026,CUST0145,14627.88,paid
TXN1288,01-Sep-2025,CUST0001,9316.54,paid
TXN1712,06-Feb-2026,CUST0072,22646.3,paid
TXN1359,14-Oct-2025,CUST0042,9012.97,paid
TXN1389,01-Oct-2025,CUST0057,38776.65,paid
TXN1256,16-Aug-2025,CUST0048,37839.22,paid
TXN1279,16/09/2025,CUST0008,39322.59,paid
TXN1493,2025-12-21,CUST0143,26893.39,paid
TXN1801,15/03/2026,CUST0011,38774.6,paid
TXN1000,09/01/2025,CUST0018,39597.49,paid
TXN1171,01-Jul-2025,CUST0032,44978.65,paid
TXN1697,16/02/2026,CUST0178,45094.11,paid
TXN1812,10/03/2026,CUST0189,13861.81,paid
TXN1001,2025-01-05,CUST0002,9719.79,paid
TXN1042,03-Mar-2025,CUST0036,15913.95,paid
TXN1462,11-Nov-2025,CUST0083,24561.72,paid
TXN1727,2026-02-20,CUST0197,46095.19,paid
TXN1613,01-Jan-2026,CUST0085,9812.75,paid
TXN1589,16/01/2026,CUST0065,8790.96,paid
TXN1382,20-Oct-2025,CUST0001,15522.07,paid
TXN1570,15/01/2026,CUST0146,14116.99,paid
TXN1208,2025-07-20,CUST0082,39477.27,paid
TXN1512,24-Dec-2025,CUST0140,8891.57,paid
TXN1085,10/05/2025,CUST0049,14258.05,paid
TXN1741,03-Feb-2026,CUST0084,23072.36,paid
TXN1551,2025-12-15,CUST0004,9068.04,paid
TXN1849,07/03/2026,CUST0196,23285.16,paid
TXN1128,03/06/2025,CUST0002,,paid
TXN1252,11/08/2025,CUST0019,46092.41,paid
TXN1103,14/05/2025,CUST0069,15224.42,paid
TXN1555,02-Dec-2025,CUST0152,9360.28,paid
TXN1703,12/02/2026,CUST0125,13538.69,paid
TXN1793,26/03/2026,CUST0078,8560.19,paid
TXN1581,24-Jan-2026,CUST0148,15636.39,paid
TXN1029,2025-03-18,CUST0030,42268.24,paid
TXN1495,17/12/2025,CUST0080,14752.0,paid
TXN1067,20-Apr-2025,CUST0018,45938.93,paid
TXN1416,2025-11-24,CUST0017,8950.09,paid
TXN1475,2025-11-03,CUST0034,14795.81,paid
TXN1325,14-Sep-2025,CUST0112,8940.6,paid
TXN1062,09/04/2025,CUST0058,10305.9,paid
TXN1275,06-Sep-2025,CUST0069,24287.64,paid
TXN1592,2026-01-08,CUST0088,39318.8,paid
TXN1394,07-Oct-2025,CUST0092,14108.3,paid
TXN1657,2026-02-19,CUST0181,10405.2,paid
TXN1520,20/12/2025,CUST0117,39798.18,paid
TXN1504,2025-12-13,CUST0009,41780.31,paid
TXN1242,2025-08-21,CUST0116,23441.8,paid
TXN1245,19-Aug-2025,CUST0069,14529.5,paid
TXN1207,05/07/2025,CUST0106,9235.57,paid
TXN1053,2025-04-21,CUST0033,13703.9,paid
TXN1619,10/01/2026,CUST0125,45330.27,paid
TXN1384,2025-10-17,CUST0073,9950.16,paid
TXN1810,2026-03-02,CUST0103,9589.6,paid
TXN1331,15/09/2025,CUST0041,41118.95,paid
TXN1422,2025-11-21,CUST0023,27044.62,paid
TXN1684,2026-02-19,CUST0006,15843.85,paid
TXN1327,2025-09-06,CUST0067,25290.42,paid
TXN1591,2026-01-19,CUST0067,15477.47,paid
TXN1832,10-Mar-2026,CUST0183,38227.75,paid
TXN1789,09/03/2026,CUST0150,15353.04,paid
TXN1059,03-Apr-2025,CUST0031,8727.65,paid
TXN1027,2025-03-22,CUST0035,15460.6,paid
TXN1185,2025-07-08,CUST0023,40780.36,paid
TXN1656,2026-02-08,CUST0181,8580.27,paid
TXN1060,01-Apr-2025,CUST0051,13748.06,paid
TXN1173,2025-07-13,CUST0075,25931.43,paid
TXN1417,2025-11-16,CUST0027,8600.09,paid
TXN1314,2025-09-19,CUST0011,22528.23,paid
TXN1157,26/06/2025,CUST0076,26197.88,paid
TXN1816,11-Mar-2026,CUST0040,43482.1,paid
TXN1261,25/08/2025,CUST0003,13994.65,paid
TXN1677,2026-02-09,CUST0171,23422.48,paid
TXN1721,10/02/2026,CUST0174,39385.79,paid
TXN1292,2025-09-27,CUST0012,25238.45,paid
TXN1172,2025-07-04,CUST0017,13864.36,paid
TXN1628,08-Jan-2026,CUST0174,10078.46,paid
TXN1101,20/05/2025,CUST0011,15941.21,paid
TXN1117,08/06/2025,CUST0081,41911.45,paid
TXN1093,16/05/2025,CUST0009,9382.52,paid
TXN1263,23-Aug-2025,CUST0080,9262.87,paid
TXN1391,09-Oct-2025,CUST0088,14361.87,paid
TXN1324,25-Sep-2025,CUST0055,9741.17,paid
TXN1738,19-Feb-2026,CUST0150,,paid
TXN1024,2025-03-02,CUST0005,40694.04,paid
TXN1424,05-Nov-2025,CUST0126,23933.81,paid
TXN1617,21/01/2026,CUST0021,9244.18,paid
TXN1447,17-Nov-2025,CUST0094,14848.15,paid
TXN1818,05/03/2026,CUST0146,26707.69,paid
TXN1814,15/03/2026,CUST0024,41802.09,paid
TXN1503,25/12/2025,CUST0167,38926.33,paid
TXN1641,20-Jan-2026,CUST0046,38163.87,paid
TXN1683,2026-02-13,CUST0156,14837.92,paid
TXN1411,24/11/2025,CUST0119,45272.91,paid
TXN1328,15-Sep-2025,CUST0031,41437.41,paid
TXN1776,2026-03-20,CUST0165,24766.31,paid
TXN1836,21-Mar-2026,CUST0166,45268.78,paid
TXN1454,20-Nov-2025,CUST0126,8574.86,paid
TXN1593,05/01/2026,CUST0099,16012.84,paid
TXN1251,2025-08-17,CUST0018,24565.54,paid
TXN1852,06/03/2026,CUST0093,9055.43,paid
TXN1281,09-Sep-2025,CUST0058,22561.8,paid
TXN1660,18/02/2026,CUST0189,15863.08,paid
TXN1184,08-Jul-2025,CUST0008,25168.45,paid
TXN1544,2025-12-06,CUST0024,9261.01,paid
TXN1700,2026-02-12,CUST0132,9100.73,paid
TXN1019,17-Feb-2025,CUST0004,42236.65,paid
TXN1514,03-Dec-2025,CUST0042,24120.37,paid
TXN1806,2026-03-22,CUST0083,9298.92,paid
TXN1193,16-Jul-2025,CUST0079,-23371.01,refunded
TXN1534,07/12/2025,CUST0130,23772.09,paid
TXN1583,24-Jan-2026,CUST0023,24824.68,paid
TXN1054,02-Apr-2025,CUST0036,43337.99,paid
TXN1590,2026-01-09,CUST0155,26789.29,paid
TXN1554,18-Dec-2025,CUST0013,38226.1,paid
TXN1756,2026-03-13,CUST0205,13840.68,paid
TXN1087,26-May-2025,CUST0011,26008.17,paid
TXN1706,16/02/2026,CUST0153,24057.87,paid
TXN1795,2026-03-06,CUST0023,45614.75,paid
TXN1574,01-Jan-2026,CUST0082,14795.15,paid
TXN1316,19-Sep-2025,CUST0057,22864.4,paid
TXN1698,2026-02-12,CUST0038,10156.03,paid
TXN1025,2025-03-16,CUST0042,9095.47,paid
TXN1169,2025-07-27,CUST0012,8958.54,paid
TXN1090,18-May-2025,CUST0065,14837.34,paid
TXN1284,27-Sep-2025,CUST0121,8572.13,paid
TXN1453,13/11/2025,CUST0013,42216.9,paid
TXN1046,2025-03-09,CUST0047,25064.08,paid
TXN1826,24-Mar-2026,CUST0093,40343.52,paid
TXN1784,2026-03-14,CUST0146,-23246.26,refunded
TXN1769,2026-03-22,CUST0065,9862.3,paid
TXN1238,10/08/2025,CUST0059,24619.03,paid
TXN1396,25/10/2025,CUST0127,10161.22,paid
TXN1419,2025-11-10,CUST0008,43062.44,paid
TXN1638,2026-01-25,CUST0071,14892.65,paid
TXN1850,2026-03-24,CUST0032,8843.16,paid
TXN1091,2025-05-01,CUST0015,38678.21,paid
TXN1333,26-Sep-2025,CUST0037,27286.96,paid
TXN1152,2025-06-13,CUST0071,-14036.88,refunded
TXN1790,15/03/2026,CUST0178,8569.61,paid
TXN1460,2025-11-23,CUST0141,45215.72,paid
TXN1471,25/11/2025,CUST0107,10301.56,paid
TXN1751,18-Feb-2026,CUST0048,16142.69,paid
TXN1516,2025-12-13,CUST0086,14636.04,paid
TXN1141,09/06/2025,CUST0065,13619.48,paid
TXN1135,12/06/2025,CUST0083,40441.83,paid
TXN1620,2026-01-21,CUST0007,43976.72,paid
TXN1486,2025-12-22,CUST0159,9035.37,paid
TXN1764,24/03/2026,CUST0056,44569.07,paid
TXN1345,01-Oct-2025,CUST0055,10094.02,paid
TXN1463,19-Nov-2025,CUST0066,14625.19,paid
TXN1780,24/03/2026,CUST0205,14282.04,paid
TXN1317,17-Sep-2025,CUST0104,10043.89,paid
TXN1768,27-Mar-2026,CUST0009,-22605.37,refunded
TXN1492,12-Dec-2025,CUST0071,-23681.02,refunded
TXN1427,2025-11-23,CUST0109,44758.79,paid
TXN1045,08-Mar-2025,CUST0042,26377.57,paid
TXN1069,2025-04-19,CUST0046,38519.83,paid
TXN1357,2025-10-06,CUST0059,14586.67,paid
TXN1560,01/12/2025,CUST0044,9453.14,paid
TXN1125,05/06/2025,CUST0012,23294.89,paid
TXN1002,17/01/2025,CUST0011,15413.83,paid
TXN1500,14-Dec-2025,CUST0071,40348.12,paid
TXN1187,19/07/2025,CUST0070,15189.33,paid
TXN1220,01-Aug-2025,CUST0076,38745.16,paid
TXN1825,04-Mar-2026,CUST0104,8876.3,paid
TXN1691,19/02/2026,CUST0107,38542.97,paid
TXN1049,08/04/2025,CUST0017,42425.4,paid
TXN1431,04-Nov-2025,CUST0003,23845.98,paid
TXN1603,08-Jan-2026,CUST0024,23759.48,paid
TXN1145,14/06/2025,CUST0086,9411.41,paid
TXN1146,24-Jun-2025,CUST0002,13858.33,paid
TXN1813,10/03/2026,CUST0132,14577.13,paid
TXN1497,26-Dec-2025,CUST0135,16087.76,paid
TXN1301,18-Sep-2025,CUST0056,26059.37,paid
TXN1310,02/09/2025,CUST0058,9962.97,paid
TXN1383,03/10/2025,CUST0104,26398.36,paid
TXN1312,2025-09-07,CUST0048,24744.07,failed
TXN1380,2025-10-13,CUST0127,26058.03,paid
TXN1713,12-Feb-2026,CUST0157,23302.79,paid
TXN1156,10/06/2025,CUST0026,22931.93,paid
TXN1535,25/12/2025,CUST0146,8766.29,paid
TXN1041,27-Mar-2025,CUST0039,13654.61,paid
TXN1296,2025-09-15,CUST0128,,refunded
TXN1585,11/01/2026,CUST0147,9440.85,paid
TXN1725,13/02/2026,CUST0072,8992.45,paid
TXN1123,22/06/2025,CUST0003,8637.29,paid
TXN1112,04-May-2025,CUST0045,14129.63,paid
TXN1418,05/11/2025,CUST0059,9794.18,paid
TXN1616,2026-01-18,CUST0162,24167.2,paid
TXN1121,2025-06-03,CUST0064,39629.77,paid
TXN1739,21/02/2026,CUST0106,24402.87,paid
TXN1734,02/02/2026,CUST0181,15170.0,paid
TXN1160,2025-07-01,CUST0027,44931.65,paid
TXN1033,2025-03-25,CUST0047,8816.26,failed
TXN1484,2025-12-01,CUST0140,23545.05,paid
TXN1466,11/11/2025,CUST0142,10015.89,paid
TXN1217,26-Aug-2025,CUST0056,13878.56,paid
TXN1711,2026-02-01,CUST0151,10036.5,paid
TXN1120,24-Jun-2025,CUST0090,9938.77,paid
TXN1541,21-Dec-2025,CUST0030,15212.94,paid
TXN1525,2025-12-06,CUST0024,44094.41,paid
TXN1132,05-Jun-2025,CUST0022,9557.97,paid
TXN1468,2025-11-19,CUST0147,14198.98,paid
TXN1496,2025-12-11,CUST0149,42354.76,paid
TXN1130,13/06/2025,CUST0048,9938.45,paid
TXN1804,09-Mar-2026,CUST0197,-15250.64,refunded
TXN1147,12/06/2025,CUST0016,23334.81,paid
TXN1166,2025-07-03,CUST0020,13908.34,paid
TXN1426,01/11/2025,CUST0102,23442.85,paid
TXN1501,07-Dec-2025,CUST0158,8799.94,paid
TXN1705,2026-02-27,CUST0034,9342.96,paid
TXN1450,22/11/2025,CUST0083,44232.17,paid
TXN1433,2025-11-15,CUST0015,9177.47,paid
TXN1651,27-Jan-2026,CUST0064,40145.04,paid
TXN1510,15/12/2025,CUST0119,45228.94,paid
TXN1598,17/01/2026,CUST0111,8734.99,paid
TXN1270,23-Sep-2025,CUST0023,40577.07,paid
TXN1404,18-Nov-2025,CUST0039,44992.99,paid
TXN1531,16-Dec-2025,CUST0060,41937.04,paid
TXN1572,2026-01-19,CUST0076,9711.83,paid
TXN1602,2026-01-01,CUST0176,8572.73,paid
TXN1412,05/11/2025,CUST0147,15421.74,paid
TXN1538,18-Dec-2025,CUST0015,24812.35,paid
TXN1693,27-Feb-2026,CUST0190,26672.93,paid
TXN1378,21/10/2025,CUST0112,10078.3,paid
TXN1079,11-May-2025,CUST0018,40611.78,paid
TXN1854,14-Mar-2026,CUST0204,-45343.75,refunded
TXN1219,03/08/2025,CUST0067,42473.46,paid
TXN1487,15-Dec-2025,CUST0169,8676.54,paid
TXN1133,24/06/2025,CUST0079,15384.24,paid
TXN1750,11-Feb-2026,CUST0117,14742.94,paid
TXN1063,2025-04-22,CUST0062,8890.77,paid
TXN1094,2025-05-26,CUST0022,8592.91,paid
TXN1083,25-May-2025,CUST0027,10360.71,paid
TXN1421,05-Nov-2025,CUST0145,15272.49,paid
TXN1435,2025-11-04,CUST0009,-14654.39,refunded
TXN1728,2026-02-04,CUST0008,24946.71,paid
TXN1857,22-Mar-2026,CUST0183,16207.53,paid
TXN1100,11/05/2025,CUST0046,42934.99,paid
TXN1465,17/11/2025,CUST0057,16480.24,paid
TXN1369,26-Oct-2025,CUST0026,44432.27,paid
TXN1197,03-Jul-2025,CUST0012,14540.43,paid
TXN1596,25/01/2026,CUST0068,14639.4,paid
TXN1528,07-Dec-2025,CUST0162,15336.16,paid
TXN1335,24-Oct-2025,CUST0037,23558.68,paid
TXN1107,2025-05-03,CUST0036,10062.17,paid
TXN1253,23-Aug-2025,CUST0023,15836.82,paid
TXN1755,14/03/2026,CUST0176,26618.55,paid
TXN1827,2026-03-23,CUST0004,44558.98,paid
TXN1386,2025-10-13,CUST0019,9046.1,paid
TXN1779,25/03/2026,CUST0116,16040.88,paid
TXN1143,2025-06-05,CUST0020,22917.99,paid
TXN1688,18-Feb-2026,CUST0107,8959.82,paid
TXN1788,2026-03-22,CUST0008,14754.99,paid
TXN1732,2026-02-09,CUST0196,26547.41,paid
TXN1682,24-Feb-2026,CUST0030,45361.47,paid
TXN1291,2025-09-12,CUST0001,38757.8,paid
TXN1306,07/09/2025,CUST0065,26250.93,paid
TXN1358,2025-10-11,CUST0042,9464.88,paid
TXN1239,15/08/2025,CUST0075,25885.98,paid
TXN1609,2026-01-11,CUST0113,9040.65,paid
TXN1546,2025-12-17,CUST0133,26377.67,paid
TXN1681,19/02/2026,CUST0087,15898.73,paid
TXN1798,2026-03-25,CUST0081,25084.86,paid
TXN1731,25-Feb-2026,CUST0128,44458.94,paid
TXN1579,15/01/2026,CUST0142,43035.29,paid
TXN1595,25/01/2026,CUST0078,8649.79,paid
TXN1763,03/03/2026,CUST0085,15299.46,paid
TXN1241,16/08/2025,CUST0111,9188.94,paid
TXN1347,2025-10-08,CUST0102,23169.41,paid
TXN1464,2025-11-15,CUST0073,45862.53,paid
TXN1005,02-Jan-2025,CUST0002,9789.37,paid
TXN1754,2026-03-22,CUST0163,26720.61,paid
TXN1586,14/01/2026,CUST0043,27302.91,paid
TXN1305,2025-09-14,CUST0014,9543.19,paid
TXN1459,06-Nov-2025,CUST0092,44067.31,paid
TXN1127,2025-06-10,CUST0001,14787.69,paid
TXN1666,17-Feb-2026,CUST0075,9443.31,paid
TXN1774,16/03/2026,CUST0184,43990.31,paid
TXN1048,2025-04-09,CUST0025,40279.62,paid
TXN1126,2025-06-09,CUST0007,9256.5,paid
TXN1362,07/10/2025,CUST0044,42894.82,paid
TXN1519,25/12/2025,CUST0140,22561.04,paid
TXN1642,2026-01-01,CUST0185,42125.19,paid
TXN1265,2025-08-13,CUST0027,9589.84,paid
TXN1381,07-Oct-2025,CUST0133,23473.73,paid
TXN1061,04-Apr-2025,CUST0057,8986.56,paid
TXN1749,12/02/2026,CUST0111,9787.92,paid
TXN1113,2025-05-20,CUST0027,39194.25,paid
TXN1517,22-Dec-2025,CUST0014,13986.37,paid
TXN1432,05/11/2025,CUST0128,9487.8,paid
TXN1743,19/02/2026,CUST0083,10422.95,paid
TXN1311,23-Sep-2025,CUST0051,26275.54,paid
TXN1792,02/03/2026,CUST0156,9182.44,paid
TXN1247,10-Aug-2025,CUST0104,9444.48,paid
TXN1264,02-Aug-2025,CUST0015,9791.78,paid
TXN1606,06/01/2026,CUST0170,9871.74,paid
TXN1552,18/12/2025,CUST0070,8942.5,paid
TXN1028,05/03/2025,CUST0030,16004.46,paid
TXN1023,10-Mar-2025,CUST0014,9302.3,paid
TXN1163,24-Jul-2025,CUST0105,9653.46,paid
TXN1650,18/01/2026,CUST0056,13759.42,paid
TXN1775,27-Mar-2026,CUST0017,10116.36,paid
TXN1348,01-Oct-2025,CUST0043,16043.95,paid
TXN1533,14-Dec-2025,CUST0055,,paid
TXN1319,20-Sep-2025,CUST0003,46171.7,paid
TXN1565,06/01/2026,CUST0030,9954.8,paid
TXN1523,2025-12-02,CUST0107,24155.56,paid
TXN1095,24/05/2025,CUST0072,15047.98,paid
TXN1218,27-Aug-2025,CUST0118,16002.32,paid
TXN1290,12/09/2025,CUST0122,10101.52,paid
TXN1553,23/12/2025,CUST0157,25370.41,paid
TXN1532,2025-12-07,CUST0054,8774.59,paid
TXN1129,2025-06-11,CUST0062,10427.49,paid
TXN1757,15-Mar-2026,CUST0010,42502.53,paid
TXN1736,22-Feb-2026,CUST0015,41797.65,paid
TXN1742,22/02/2026,CUST0006,42571.62,paid
TXN1399,13-Oct-2025,CUST0118,14871.59,paid
TXN1342,12/10/2025,CUST0119,15538.74,paid
TXN1550,10/12/2025,CUST0137,14462.64,paid
TXN1037,17/03/2025,CUST0025,25981.54,paid
TXN1086,20-May-2025,CUST0054,42690.85,paid
TXN1308,2025-09-22,CUST0074,15727.24,paid
TXN1202,09/07/2025,CUST0021,8690.98,paid
TXN1794,2026-03-22,CUST0149,23161.19,paid
TXN1414,20/11/2025,CUST0151,40078.48,paid
TXN1664,25/02/2026,CUST0091,15759.52,paid
TXN1800,07/03/2026,CUST0067,13663.7,paid
TXN1831,24/03/2026,CUST0150,45896.48,paid
TXN1353,09/10/2025,CUST0097,25393.16,paid
TXN1714,2026-02-19,CUST0136,8738.3,paid
TXN1452,2025-11-02,CUST0147,13821.17,paid
TXN1667,2026-02-12,CUST0021,8907.87,paid
TXN1633,06/01/2026,CUST0107,9892.81,paid
TXN1807,03/03/2026,CUST0161,44777.87,paid
TXN1639,04/01/2026,CUST0128,-15555.73,refunded
TXN1557,25-Dec-2025,CUST0120,42569.43,paid
TXN1210,2025-07-22,CUST0048,22955.68,paid
TXN1659,23/02/2026,CUST0179,25154.6,paid
TXN1456,14-Nov-2025,CUST0069,26471.25,paid
TXN1413,03/11/2025,CUST0075,8857.8,paid
TXN1717,06-Feb-2026,CUST0059,27406.51,paid
TXN1150,06-Jun-2025,CUST0087,23286.55,paid
TXN1625,2026-01-16,CUST0063,9445.32,paid
TXN1540,2025-12-26,CUST0087,22831.07,paid
TXN1286,08/09/2025,CUST0114,41187.53,paid
TXN1846,18-Mar-2026,CUST0155,26981.59,paid
TXN1008,11-Jan-2025,CUST0016,24771.75,paid
